tweet_created_at, id_str, tweet_text, hashtags, source, user_id_str, user_name, user_screen_name, location, profile_location, user_profile_description, url, protected, followers_count, friends_count, listed_count, profile_created_at, favorites_count, utc_offset, geo_enabled, verified, statuses_count, lang, status, contributors_enabled, is_translation_enabled, tweet_geo, tweet_coordinates, tweet_place, tweet_contributors, tweet_is_quote_status, tweet_retweet_count, tweet_favorite_count
 
"2021-06-23 19:29:42","1407782937291112453","Left my sister on the door step yesterday while I went to get my keys, she‚Äôs following me into the house and I‚Äôm thinking what‚Äôs she doing? Completely forgot she‚Äôs allowed now ü§¶üèΩ‚Äç‚ôÄÔ∏èüòÑ #covid","covid","Twitter for iPhone","491209392","‚öΩShinjers‚öΩÔ∏è","mufc99treble","instagram: mufc99treble","NONE","#MUFC #F1 #TeamLewis Keen walker, love travelling & reading. Enjoy life! Female, Married ‚ù§Ô∏è  Constantly moaning about #NorthernFail","None","False","17254","12364","122","2012-02-13 11:26:12","16100","None","False","False","115633","None","NONE","False","False","None","None","None","None","False","0","0",
"2021-06-23 19:29:36","1407782914369232900","You're getting a twofer today @Douglas4Moray .  Not only did Gove break the law but now it's discovered public money has been mis-used. Are you seriously not going to condem this given your 'straight red' comment? #ToryCorruption #torylies #covid https://t.co/zchpCcoced","ToryCorruption","Twitter for Android","32359615","DJ","deejiusmax","Glasgow","NONE","Quite right ya plank üòÇüòÇ                                                                  @derekajack on Instagram. üè¥Û†ÅßÛ†Å¢Û†Å≥Û†Å£Û†Å¥Û†Åø 64","None","False","224","547","28","2009-04-17 10:06:44","7736","None","True","False","6270","None","NONE","False","False","None","None","None","None","True","0","0",
"2021-06-23 19:29:27","1407782875332808707","Thank you Nathan and @caragcoventry for inviting me to your podcast. I hope it help more understand the importance of getting the #COVID #vaccine and clarify some of the myths around it. @CWCCG https://t.co/TdNOVEvUYC https://t.co/MdLB2Usae8 https://t.co/umAK8ofYDG","COVID","Twitter for iPhone","898622792253530114","Mai Elftise","MaisunMansur","Berkswell, England","NONE","Mum of 3, @first5w leadership in deprivation fellowship @fairhealthuk , 1st 5 RCGP co-lead for C&W, @NextGGP C&W, developing my interest in respiratory health.","None","False","477","1686","4","2017-08-18 19:09:04","8431","None","True","False","2174","None","NONE","False","False","None","None","None","None","True","0","1",
"2021-06-23 19:29:04","1407782778423308288","A medical worker pulling a trolley full of biomedical waste generated from the #Covid_19  ward in Lok Nayak Jai Prakash Hospital, New Delhi  #Covid_19 #coronavirus #india #IndiaFightsCorona #photojournalism #gettyimages #Warriors #CovidWarriors #doctors #medicalworkers https://t.co/5pppyKdZ7Q","Covid_19","Twitter Web App","925096391378010112","Arnav kaushik","Arnav_kaushikk","DELHI","NONE","Independent Journalist  #photojournalism  {All tweets done by me are personal view's}","https://t.co/McD6k4COTN","False","21","427","0","2017-10-30 20:25:41","519","None","True","False","1013","None","NONE","False","False","None","None","None","None","False","0","0",
"2021-06-23 19:28:57","1407782749344309248","#MorganStanley barring unvaccinated workers, clients from #NY offices. Those not fully vaccinated w/h to work remotely. #WFH #NYC #CRE #coronavirus  https://t.co/x0BgUxvy4n","MorganStanley","Twitter Web App","292450753","David Levitt","dmlevitt","New York","NONE","Freelance commercial real estate reporter. Mostly NYC. .","None","False","7097","1561","358","2011-05-03 17:28:50","347","None","True","True","10393","None","NONE","False","False","None","None","None","None","False","0","0",
"2021-06-23 19:28:30","1407782637054271497","#terrorists  Lots of #terrorists get #covid exemption to attend funeral . #WTF   https://t.co/9Mu3uydhws","terrorists","Twitter for iPhone","234634464","Jimmy the Blackfellaü•∂ (NUNYA)","jimmyblackfella","Under the Southern Cross üá¶üá∫","NONE","I don't care of what colour you are . It is what's inside that counts. NEVER blame your skin colour for your bad behaviour! Thinking out side the box helps.","None","False","2292","1447","11","2011-01-06 05:02:32","14913","None","False","False","14219","None","NONE","False","True","None","None","None","None","False","0","0",
"2021-06-23 19:28:21","1407782598877798409","Fauci says delta accounts for 20% of new cases and will be dominant Covid variant in U.S. in weeks https://t.co/CLcnBTucLL #coronavirus #GetVaccinated","coronavirus","Twitter Web App","836525664","Mike Williams @üè†","drummike2012","Boston, MA","NONE","Drummer, programmer, liberal, originally from Pittsburgh, PA. Generally follow back. #Resist #VRA #VoteBlue #Choice #climate #vets #PRU #ConvictTrump","None","False","19855","20227","83","2012-09-20 23:05:48","54694","None","False","False","125773","None","NONE","False","False","None","None","None","None","False","1","2",
"2021-06-23 19:28:00","1407782509857943557","@WHO Hi! I hope you're OK. I have an offer which -maybe- gives us a little bit of joy after pandemic. Why don't we specify a date for national holiday and make it 'Healing Day'?  I hope you will consider that. Thank you for everything.   #pandemic #coronavirus #coronavaccinatie","pandemic","Twitter for Android","1407778403160309767","Valentina","valentinatheme","","NONE","","None","False","0","0","0","2021-06-23 19:11:52","0","None","False","False","1","None","NONE","False","False","None","None","None","None","False","0","0",
"2021-06-23 19:27:48","1407782460281311235","Delta #coronavirus  variant: scientists brace for impact https://t.co/wmjM5Gx5Gb  The rapid rise of the highly transmissible strain in the United Kingdom has put countries in Europe, North America and Africa on watch","coronavirus","Twitter Web App","1089157733767675904","CEVAXIN","CEVAXIN_PTY","Panama","NONE","Center for vaccines and clinical research in Panama. Our purpose is to transform global health by conducting high quality clinical and epidemiological trials","https://t.co/eC6p6D9xjk","False","2606","713","5","2019-01-26 13:46:54","1451","None","True","False","10786","None","NONE","False","False","None","None","None","None","False","0","0",
"2021-06-23 19:27:36","1407782410117341185","Contagious COVID variant found in Kansas City area wastewater, Missouri officials warn #TrumpVirus #COVID19 #coronavirus https://t.co/0xMLYjn7dC","TrumpVirus","Twitter for Android","18991464","photoframd","photoframd","NY","NONE","Native New Yorker who loves photography, Canon R5 & 7D2 DLSRs, Photoshop & NYC life. Always #VoteBlue üåäüåäüåä #Resist #BidenHarris2020","https://t.co/zR7msnYypJ","False","16419","16443","616","2009-01-14 19:39:12","28436","None","False","False","56627","None","NONE","False","False","None","None","None","None","False","0","1",
"2021-06-23 19:27:13","1407782313790955523","Posttraumatic Stress Disorder, Depression and Fear Of COVID-19 Among Pregnant Women During the Rapid Rise Period of the Coronavirus Pandemic in a Middle Eastern Country: A Cross-Sectional Study #covid https://t.co/TFybii9wp2","covid","rs-covid19","1360317220665122819","Research Square Covid-19 Preprints","RS_COVID19","Durham, NC","NONE","Making research communication faster, fairer, and more useful.","https://t.co/VxjvldVgMw","False","118","0","1","2021-02-12 19:58:17","7","None","False","False","1167","None","NONE","False","False","None","None","None","None","False","0","0",
"2021-06-23 19:27:05","1407782280794234880","#NewsAlert: #AAP MLA Atishi Marlena said Over 16 lakh people in #Delhi have been fully #vaccinated against #coronavirus, while over 50 lakh have received at least 1 dose so far. @ArvindKejriwal  #BREAKING #DelhiGovernment #COVID19Vaccination #CoronaVaccine https://t.co/w4YSiPXs6L","NewsAlert","Twitter for iPhone","743426922047119361","Morning Kashmir","morningkashmir","Kashmir, Jammu, Delhi, India","NONE","Follow us for news, photos, videos and the latest trends from India and around the world.","https://t.co/COnC5ES01l","False","893","1881","1","2016-06-16 12:56:05","856","None","True","False","12369","None","NONE","False","False","None","None","None","None","False","0","0",
"2021-06-23 19:26:58","1407782252558360579","Okay, so this goes well beyond #COVID and #bioweapons. It's a window into the extensive and #entrenchedintelligencenetwork #China has #establishedhere. He #DongJingwei  knows the #spies, #whoisgettingpaid to be a #rat, and much more. https://t.co/YlW50NaMM1","COVID","Twitter for Android","1917812846","Retribution","ComingToGetUUU","That space inside your Anger..","NONE","JUST SOME GUY TRYING TO NOT BE A DEMOCRATIC LEFTIST LIBERAL MARXIST SOCIALIST NARCISSIST. I DISLIKE THEM, WITH ALL THAT IS IN MY BEING. Q","None","False","596","334","10","2013-09-29 18:27:27","40","None","True","False","6197","None","NONE","False","False","None","None","None","None","False","0","0",
"2021-06-23 19:26:57","1407782245172142081",".@JoeBiden and the #Police. An acknowledgment that the crisis now is #crime, not #Covid. https://t.co/BmHYgehvg5","Police","Twitter Web App","16373185","TXcyclist72","TXcyclist72","USA","NONE","All views expressed are my own. Fan of my wife/kids, professional and college sports, music that makes you think, cycling, good books and theology.","None","False","165","1037","7","2008-09-20 01:42:00","16314","None","False","False","15141","None","NONE","False","False","None","None","None","None","False","0","0",
"2021-06-23 19:26:40","1407782174732918784","114. CRUX (Youtube) Focus on The Indian Connection @TheSeeker268 @MonaRahalkar @BahulikarRahul   #DRASTIC #Wuhan #Coronavirus  How DRASTIC Went From A Group Of Web Nerds To Sleuths Who May Have Exposed Wuhan-Covid Origin Link  https://t.co/js0fL6jenH https://t.co/GrxOLB1xUz","DRASTIC","Twitter Web App","605269037","Billy Bostickson üè¥üëÅ&üëÅ üÜì","BillyBostickson","Rage University, Freeland","NONE","Billy Bostickson is PR Secretary for RAGE UNIVERSITY and helps coordinate DRASTIC at https://t.co/XnTqFxyrA4 https://t.co/YR3ygELkQ0","http://t.co/rUGemPvMTs","False","9559","2600","120","2012-06-11 09:27:59","39790","None","False","False","47362","None","NONE","False","False","None","None","None","None","False","0","0",
"2021-06-23 19:26:33","1407782145582456833","I was just getting my head around delta.  Now there is delta plus? #covid https://t.co/6cWYw2Yhhh","covid","Twitter for iPhone","523949557","Dr Shane Huntington OAM","DrShaneRRR","Melbourne, Australia","NONE","Incoming CEO @LittleBigSteps. Speaker, Facilitator, Physicist, Radio Host @3RRRFM for 29 years @Einstein_AGoGo. Communication & Grant Writing Workshops.","https://t.co/ZSxvT6BhMg","False","6056","3463","36","2012-03-14 03:02:07","15806","None","True","False","13468","None","NONE","False","False","None","None","None","None","True","0","0",
"2021-06-23 19:26:04","1407782025604513793","As the @Newshour is honoured by @PeabodyAwards for its #COVID 19 coverage, deep gratitude to the Lee family of Slough for allowing us into their lives to show the humanity behind the statistics. https://t.co/CnKqIkJ4Ot","COVID","Twitter Web App","767188021","Malcolm Brabant","MalcolmBrabant","UK","NONE","@Newshour Special Correspondent; Double Peabody winner; #MalcolmisaLittleUnwell director; @LukasBrabant1's manager;  renaissance bloke. Does own stunts.","https://t.co/dceAjdg3H3","False","3741","1088","73","2012-08-19 08:21:41","935","None","True","False","4978","None","NONE","False","False","None","None","None","None","False","0","0",
"2021-06-23 19:25:44","1407781939625480194","Trump reportedly joked about COVID-19 and mocked people who got sick #TrumpVirus #COVID19 #coronavirus #TrumpLiedAmericansDied  https://t.co/MMSBsOBN2E","TrumpVirus","Twitter for Android","18991464","photoframd","photoframd","NY","NONE","Native New Yorker who loves photography, Canon R5 & 7D2 DLSRs, Photoshop & NYC life. Always #VoteBlue üåäüåäüåä #Resist #BidenHarris2020","https://t.co/zR7msnYypJ","False","16419","16443","616","2009-01-14 19:39:12","28436","None","False","False","56627","None","NONE","False","False","None","None","None","None","False","0","0",
"2021-06-23 19:25:40","1407781922403536897","Our @CDCgov Petition is gaining traction as signatures surpass 2,500! Huntsville, AL, Rocket City Now, Fox network featured the petition to support local public health Dr. Ali Hassoun‚Äôs concern for increased #Covid cases &amp; slowing vaccination rates. Watch: https://t.co/SeTOxSZYJ6","Covid","Twitter Web App","1235753586983747585","EndCoronaVirus.org","endCOVID19","","NONE","https://t.co/Vs4hWxXwoJ is an action network of @NECSI, scientists @Harvard @MIT, and volunteers. We educate in order to end the outbreak of #COVID19.  #COVIDZero","https://t.co/FBe6ty6hWe","False","12891","639","400","2020-03-06 02:27:12","2682","None","False","False","2903","None","NONE","False","False","None","None","None","None","False","0","1",
"2021-06-23 19:25:34","1407781899033092104","Kuwait hails WHO rapport amid COVID fight https://t.co/ExRWVWHFv3 via @kuwaittimesnews  #WHO #COVIDfight #MoH  #KuwaitTimes #KuwaitNews #Kuwait #Covid19 #coronavirus #pandemic","WHO","Twitter Web App","407928028","Kuwait Times","kuwaittimesnews","Kuwait","NONE","Leading English Daily in Kuwait","http://t.co/BHUHw7eNWz","False","27512","28","228","2011-11-08 19:01:40","16","None","True","False","23160","None","NONE","False","False","None","None","None","None","False","0","1",
"2021-06-23 19:25:09","1407781793999302660","From July onwards #employers are required to contribute increasing amounts towards an employee‚Äôs #furlough #pay as the #Coronavirus #Job #Retention #Scheme (#CJRS) enters the home straight #HR #Barnsley #Employment #ReturnToWork  https://t.co/HfpaBSMGBc","employers","Twitter for iPhone","770368023421157378","Crawford HR","andycrawfordHR","Penistone, England","NONE","Employee Relations | Human Resources | #joinaunion Retained HR Advisor To 1Ô∏è‚É£4Ô∏è‚É£ SMEs | Crawford HR District HR @SheffMethDist | @YNEMethodists","https://t.co/zk8JNG7EHL","False","139","89","4","2016-08-29 21:10:24","176","None","True","False","61","None","NONE","False","False","None","None","None","None","False","1","0",
"2021-06-23 19:25:04","1407781771828207616","‚ÄúThe covid litigation logjam broke in the spring,‚Äù said Carin Burford, Birmingham, Alabama-based shareholder with Ogletree, Deakins, Nash, Smoak &amp; Stewart P.C., adding that lawsuits are likely to pile up.  #COVID #workcomp #protectinginjuredworkers  https://t.co/tHwuRRTSTo","COVID","Hootsuite Inc.","3362797805","WILG","WILG_1","","NONE","Workers' Injury Law & Advocacy Group-national non-profit membership organization dedicated to representing the interests of millions of workers & their families","https://t.co/zxHyxVsRvl","False","640","626","17","2015-07-06 18:01:03","401","None","False","False","4038","None","NONE","False","False","None","None","None","None","False","0","0",
"2021-06-23 19:24:56","1407781738902966273","So true #covid #Government #enough https://t.co/9qqFAZgge8","covid","Twitter for iPhone","295042876","Clare Price","claramarieo","","NONE","Hairdresser / colour technician covering hertfordshire","None","False","158","513","0","2011-05-08 07:57:51","702","None","False","False","1402","None","NONE","False","False","None","None","None","None","False","0","0",
"2021-06-23 19:24:54","1407781729176363008","1,136 new cases and 64 new deaths in Germany   [21:24 GMT] #coronavirus #CoronaVirusUpdate #COVID19 #CoronavirusPandemic","coronavirus","COVID19-Updates","1236273574895329281","Coronavirus Updates","COVIDLive","","NONE","COVID-19 (Coronavirus) Latest News & Statistics. We post updates 24/7 as they come in, all data is from https://t.co/XmYqcFcEtM - #Coronavirus #COVID19","https://t.co/KXeogsdkoU","False","1013","2","9","2020-03-07 12:52:51","0","None","False","False","65162","None","NONE","False","False","None","None","None","None","False","0","0",
"2021-06-23 19:24:47","1407781701825224705","A3b: Check out the latest #aawazTalk on #climate and #COVID where @seema_netplus and @surilisutaria dive into their experiences these past months: https://t.co/qyhDpgm0GH #NHHMchat #NHHM2021 https://t.co/PZGfwMTsF3","aawazTalk","Twitter Web App","1357147416751988736","AAWAZ4CLIMATE","aawaz4climate","","NONE","Working to address #climate & #health by giving voice to a gender and ethnically diverse community. Co-founders: @SuriliSutaria & @Seema_NetPlus #aawaz4climate","https://t.co/YR7iHP4e5B","False","61","175","0","2021-02-04 02:03:01","276","None","False","False","61","None","NONE","False","False","None","None","None","None","False","1","2",
"2021-06-23 19:24:46","1407781695890337792","‚ÄúObviously caution needed but most important marker is whether link between cases and moderate to severe disease being broken.‚Äù  Wise words from @devisridhar and something to consider when obsessing and panicking over #Covid cases.","Covid","Twitter for iPhone","1371928116919218177","Ben Butler","ButlerBen92","Manchester, England","NONE","1874 fan. Interested in politics. Views are my own.","None","False","86","977","0","2021-03-16 20:55:38","2876","None","False","False","243","None","NONE","False","False","None","None","None","None","False","0","0",
"2021-06-23 19:24:44","1407781687325609992","No cheering, autographs or alcohol at Tokyo Olympics https://t.co/UmwJb0JRsF  #Autographs #Cheering #Alcohol #TokyoOlympics #Hugs #coronavirus https://t.co/c74CrpHVuA","Autographs","Twitter Web App","1352717650686844932","Your World Events","YourWorldEvent1","Germany","NONE","Bringing the world latest events to you","https://t.co/klQMYhEX6k","False","23","1216","0","2021-01-22 20:40:49","66","None","False","False","7360","None","NONE","False","False","None","None","None","None","False","0","0",
"2021-06-23 19:24:23","1407781601187045381","#Corona cases in #Maharashtra cross ten thousand again  #DeltaPlus #Covid_19 #coronavirus  #CovidVaccine #DeltaPlusVariant https://t.co/kV5Vg89GQr","Corona","Twitter for Android","1232284419978719232","Buziness Bytes","BuzinessBytes","Noida","NONE","We are an independent news, information, and entertainment venture. We bring imp business & contemporary stories that are shaping India.","https://t.co/TU1tplbnpp","False","1161","875","0","2020-02-25 12:41:53","1171","None","False","False","23117","None","NONE","False","False","None","None","None","None","False","0","0",
"2021-06-23 19:24:13","1407781557969080321","No cheering, autographs or alcohol at Tokyo Olympics https://t.co/wuJsM356Ss  #Autographs #Cheering #Alcohol #TokyoOlympics #Hugs #coronavirus https://t.co/LeWU24nLkZ","Autographs","Twitter Web App","1377746085792321541","The World Explorer","TheWorldExplor3","","NONE","A blogger Sharing daily news from around the world You will love to follow this account","None","False","8","294","0","2021-04-01 22:14:43","353","None","False","False","4623","None","NONE","False","False","None","None","None","None","False","0","0",
"2021-06-23 19:23:38","1407781410715357184","New Trailers: LFG, Summer of Soul, Titans, The Morning Show, and more https://t.co/d5SNE1h9k8 https://t.co/1q5NqzlBhI #like #comment #ff #followday #followback #influencer #vibes #covid #savelife #tech #news","like","IFTTT","1008457050","Rahul Kachhad","rahulkachhad","Mumbai, Maharashtra","NONE","Marketing Senior Analyst„Äê‚ö°„Äëat Accenture Operations","https://t.co/7uHQdFV4pe","False","243","75","2","2012-12-13 10:10:14","140","None","False","False","6370","None","NONE","False","False","None","None","None","None","False","0","1",
"2021-06-23 19:23:23","1407781349491097601","Spike in COVID infection; 1,870 infected  #Kuwait #Coronavirus  https://t.co/oWJjUr5NSw","Kuwait","Twitter Web App","170226165","ARAB TIMES - KUWAIT","arabtimeskuwait","Kuwait","NONE","Leading English Daily in Kuwait","http://t.co/fBaAMakL1u","False","21130","12","165","2010-07-24 07:21:29","23","None","False","False","26662","None","NONE","False","False","None","None","None","None","False","1","3",
"2021-06-23 19:23:07","1407781281920962564","@BoardroomBoy It is definitely running rampant, my 16yo sons school &amp; his football team have been plagued over the last few weeks. It‚Äôs the same all over the area. #Edinburgh #Covid","Edinburgh","Twitter for iPhone","1293573126761177090","Debbie‚Äôsright üö∫","debbiesuth1","Scotland","NONE","to the right side of life. bullies/abusers won‚Äôt be tolerated. manners & decency at all times please.","None","False","2870","1736","3","2020-08-12 15:40:53","67033","None","False","False","15100","None","NONE","False","False","None","None","None","None","False","0","1",
"2021-06-23 19:22:20","1407781086197813250","#Seabuckthorn: Ancient #Healer &amp; Modern #Superfood! Recent Study: #Korean #researchers #found #substance #inhibiting #COVID-19 #Seabuckthorn #Berry‚Äôs #Lactic #Acid #Bacteria can #Contain the #Spread of the new #Coronavirus https://t.co/PEa3d8zE2w https://t.co/5yfRd6LpWp","Seabuckthorn","Twitter Web App","1042754598","TODA Health","TODAHerbal","Vancouver, Canada","NONE","Closer to Nature, Closer to Health! TODA' Products Reflect Harmony of Traditional Herbal Medicine with 21 Century Technologies & Scientific Innovation!","https://t.co/HKaxs857bl","False","1732","1971","92","2012-12-28 17:47:52","4330","None","False","False","3846","None","NONE","False","False","None","None","None","None","False","1","0",
"2021-06-23 19:22:04","1407781015804841987","Not done and threat to mankind #war #covid19pandemic # #covid #threat #mankind #corona #unitednations #humanity # #democracy #humanrights #politics #climatechange #peace #leadership #godblessings https://t.co/lbo325OzwA","war","LinkedIn","342101713","PR@BHI","Prabhi1313","Mumbai","NONE","Financial Advisory,Debt Management Services, Real Estate & Business Strategies, Architectural Planning. #ACTIVIST #LONGDRIVES no caste & creed motive ALTRUISM","None","False","74","505","0","2011-07-25 13:51:13","1391","None","False","False","1837","None","NONE","False","False","None","None","None","None","False","0","0",
"2021-06-23 19:22:03","1407781013703561233","Every lumber store around!!! More of a supply/supply concept. I thought mills couldnt keep up to demand with fake #covid #nowitsjustgouging https://t.co/mqzIg0TFMU","covid","Twitter for Android","2290689343","Westy","wesmuthaT","","NONE","","None","False","85","116","0","2014-01-14 05:23:36","240","None","True","False","58","None","NONE","False","False","None","None","Place(_api=<tweepy.api.API object at 0x00000157D8F8B280>, id='2c1be03622fe39b8', url='https://api.twitter.com/1.1/geo/id/2c1be03622fe39b8.json', place_type='city', name='Regina', full_name='Regina, Saskatchewan', country_code='CA', country='Canada', contained_within=[], bounding_box=BoundingBox(_api=<tweepy.api.API object at 0x00000157D8F8B280>, type='Polygon', coordinates=[[[-104.778398, 50.39659], [-104.50339, 50.39659], [-104.50339, 50.513682], [-104.778398, 50.513682]]]), attributes={})","None","False","0","0",
"2021-06-23 19:21:50","1407780956677754880","19 #Covid deaths in one day.   In 2019, 190 people died EVERY DAY for a whole year from #DEMENTIA and #ALZHEIMERS.   When is @10DowningStreet going to stop treating us like idiots?  How much longer do the @ConHome think the #British will take this?  @GBNEWS https://t.co/AVzp47DdAh","Covid","Twitter for iPhone","1383513167070851075","Milly Fawcett","MsMillyFawcett","England, United Kingdom","NONE","British üá¨üáß Royal follower üëë Copywriter üñã Passionate about child literacy üìö I don‚Äôt block people when they disagree with me ü§ó","None","False","74","398","0","2021-04-17 20:11:05","1539","None","False","False","603","None","NONE","False","False","None","None","None","None","True","0","0",
"2021-06-23 19:21:11","1407780793829801995","#Coronavirus #Covid_19 #Pandemic 23.Jun.2021 #World  Trends Update https://t.co/7RbONZmuav","Coronavirus","Twitter Web App","227277383","Adri√°n Garz√≥n [Buenos Aires]","Blogging_AG","Buenos Aires - Argentina","NONE","Apasionado de mi familia, la Ciencia, Tecnolog√≠a, Astronom√≠a, F√≠sica y tambi√©n los deportes en gral. Mis valores: responsabilidad, compromiso, honestidad, √©tica","None","False","70","16","2","2010-12-16 12:00:28","363","None","False","False","4577","None","NONE","False","False","None","None","None","None","False","0","0",
"2021-06-23 19:21:07","1407780778919010304","Got a headache after my second #Pfizer jab and wanted to know why the pain, welcome interferon: #COVID-19 vaccine side effects: The positives about feeling bad https://t.co/MHORDWGSj9","Pfizer","Twitter for iPhone","19111268","Halima Mansoor","Hmansoor","Istanbul, Turkey","NONE","Editor. Writer. Foodie. All views/RTs personal (the usual tripe). Insta: dekhmagar","https://t.co/Nfe5xQwKwY","False","5831","2415","41","2009-01-17 14:26:55","1344","None","True","True","14064","None","NONE","False","False","None","None","None","None","False","0","0",
"2021-06-23 19:20:43","1407780678683357184","#Europe #Health #Coronavirus #COVID19 ‚Äî&gt; Delta to account for 90 percent of EU coronavirus cases in August | Coronavirus pandemic News | Al Jazeera https://t.co/wbIn7o6eU7 via @AJEnglish","Europe","Twitter for iPhone","621335481","Lulu Walcott ü¶Ç Medicare For All & GND üåé","LuluWalcott1","Los Angeles, CA","NONE","Green-eyed JamaicanüáØüá≤IrishüáÆüá™ #Mulatto in L.A. üòéLeftist. Progressive. Independent. Actor. #Atheist #Feminist #Bernie2020 @GreenPartyUS üåª @PeoplesParty_USüåé","https://t.co/PXlbyl6sJC","False","2183","379","387","2012-06-28 19:44:25","110442","None","False","False","112176","None","NONE","False","False","None","None","None","None","False","0","0",
"2021-06-23 19:20:42","1407780674598322177","Appendicitis with concurrent COVID-19 infection in a patient during the third trimester of pregnancy  https://t.co/iPHp77Mlwk @sathNHS #covid #teamwork","covid","Twitter for iPhone","1360186400","William Parry-Smith","wparrysmith","Shropshire, England","NONE","Obstetrics and Gynaecology Consultant","https://t.co/JJn7LutOvk","False","1040","956","4","2013-04-17 19:22:29","1018","None","False","False","1429","None","NONE","False","False","None","None","None","None","False","0","0",
"2021-06-23 19:20:38","1407780654645841922","One dose mRNA considerably efficacious for patients recovered from non severe #covid .. research data shows https://t.co/27nfZlhdl1","covid","Twitter for iPhone","42130715","advaita ganguly","dabbu_ganguly","Edmonton, Canada","NONE","Tissue Specialist | UAH Transplant Services, Alberta Health Services @AHS_media | Applying Antibodies | Simulation @UAlberta @HSERC_UAlberta @UAlberta_RADTH","None","False","137","445","1","2009-05-24 00:45:18","985","None","True","False","562","None","NONE","False","False","None","None","None","None","True","0","0",
"2021-06-23 19:20:35","1407780642277015555","@StephenRiegoTew Working on this to help us both out #CovidHelp once again I feel like death all day it‚Äôs been about a year #Coronavirus #LongCovid it‚Äôs unfortunate the people that could help and receive support every day from people like me choose not to &amp; just run a charade of false hope","CovidHelp","Twitter for iPhone","1372237813358415880","Couch Ape üõãü¶çü™ë RealziesCuts","CouchApe","#LongCovid","NONE","üõã ü¶ç #BSV $Fuzzilla Cashapp & Handcash $COMFY 6Ô∏è‚É£5Ô∏è‚É£üéπ #tigergang #PEAKSquad ¬ßRealziesCuts #LiT #SWC https://t.co/MeWPrGWDzr","https://t.co/tJVOsy06Cg","False","274","4958","5","2021-03-17 17:26:26","32459","None","False","False","46102","None","NONE","False","False","None","None","None","None","False","3","1",
"2021-06-23 19:20:19","1407780576166305794","üî¥India‚Äôs black fungus outbreak: Recovering covid patients grapple with **removal of eyes**  #COVID  https://t.co/wWG97DjIgN","COVID","Twitter for iPhone","1237314642583658496","Gabriel H√©bert-R√∏uillier","Gab_H_R","Blainville, Qu√©bec","NONE","| OSINT | COVID-STOP | Bad News Specialist  ü•¥","None","False","1547","4722","9","2020-03-10 09:49:55","24161","None","False","False","20766","None","NONE","False","False","None","None","None","None","False","1","1",
"2021-06-23 19:20:14","1407780554502778881","The idea that family members you don't leave with and friends,  don't have #coronavirus is banal. Wear your mask when with family and friends, these have become super spreader events. #coronavaccinatie #CoronavirusSA","coronavirus","Twitter for Android","50657473","BeYouüíé","IamSquealer","South Africa","NONE","| Opinions=Mine| GBS Syndrome survivor | Retweets & Likes are NOT endorsements.|Highly Opinionated & Informed.| bookings: squealerpm@gmail.com I *I follow back*","None","False","3521","2999","12","2009-06-25 14:19:29","19931","None","True","False","13686","None","NONE","False","False","None","None","None","None","False","0","0",
"2021-06-23 19:19:49","1407780449754259459","TOMORROW: Join the #COVID Health Financing Resiliency Program CoP and the Private Sector Engagement Collaborative in a cross-country discussion on vaccine financing and the private sector Registration is open to JLN members: https://t.co/iXVLHteqAR","COVID","Twitter Web App","355525828","Joint Learning Network","JLN4UHC","Global","NONE","We are a community of practitioners & policymakers working together to achieve universal health coverage in more than 30 countries. #UHC #HealthforAll","https://t.co/OjuyIjSQKy","False","4078","681","111","2011-08-15 14:03:49","1421","None","True","False","6007","None","NONE","False","False","None","None","None","None","False","0","0",
"2021-06-23 19:19:35","1407780392392794115","Check out my Gig on Fiverr: do awesome social media posts design for facebook, instagram within 6 hours https://t.co/DmlIeZ6i3W  #covid #fashion #youtube #website #redessociales #creative #dise #o #motivation #socialmediatips #logo #content #startup #socialmediamanagement #bhfyp","covid","Twitter Web App","1288071898891341825","mdhafizul_islam","hafizulislam302","Dhaka, Bangladesh","NONE","Hi there! My name is Hafizul Islam.I am a professional graphic designer. I have lot of experience in graphic design.Thanks....","https://t.co/TyRxTfFh8z","False","212","1272","0","2020-07-28 11:21:03","219","None","False","False","206","None","NONE","False","False","None","None","None","None","False","0","1",
"2021-06-23 19:19:33","1407780384251723785","#Coronavirus #Covid_19 #Pandemic 23.Jun.2021 #World Cases Update https://t.co/yI2Rh6QWOD","Coronavirus","Twitter Web App","227277383","Adri√°n Garz√≥n [Buenos Aires]","Blogging_AG","Buenos Aires - Argentina","NONE","Apasionado de mi familia, la Ciencia, Tecnolog√≠a, Astronom√≠a, F√≠sica y tambi√©n los deportes en gral. Mis valores: responsabilidad, compromiso, honestidad, √©tica","None","False","70","16","2","2010-12-16 12:00:28","363","None","False","False","4577","None","NONE","False","False","None","None","None","None","False","0","0",
"2021-06-23 19:19:31","1407780376009904132","It was a pleasure to discuss 'Combatting Misinformation and Myth During the Pandemic' w/ @CaulfieldTim. Here's another episode of the #COVID podcast I hosted for the @fdnPETF.  @UMontreal @ESPUM_UdeM @cresp_sante @IABioethics @HMSbioethics @HarvardChanSPH  https://t.co/aFbf1pdJCT","COVID","Twitter Web App","3166060478","Dr. Vardit Ravitsky","VarditRavitsky","Canada","NONE","Bioethicist. U Montreal & Harvard Medical School. President of the International Association of Bioethics. Trudeau Foundation & Hastings Fellow.","None","False","3366","2100","58","2015-04-21 00:55:08","10066","None","True","False","8736","None","NONE","False","False","None","None","None","None","False","1","4",
"2021-06-23 19:19:13","1407780301510750215","@denisrancourt No, Denis. #COVID was the Globalist means to finally realise their #Climate plans.","COVID","Twitter for iPad","865128006423019521","Cantillon Consulting","CantillonCH","Schweiz","NONE","Author of the 'Cantillon Effects' newsletter. Independent research & content, conferences, public speaking. Unconventional Wisdom and Original Thinking","https://t.co/Zg0E2Ro0LK","False","1936","778","52","2017-05-18 08:52:44","1565","None","True","False","12876","None","NONE","False","False","None","None","None","None","False","0","0",
"2021-06-23 19:19:08","1407780278160875522","Coronavirus Update:  Confirmed Cases: 180,137,293 (+218,000) Active Cases: 11,348,815 (+1,011) Recovered: 164,886,310 (+213,055) Deaths: 3,902,168 (+3,934)  Updated every 2 hours #Coronavirus #COVID #COVID19 https://t.co/14SUPzNHPm","Coronavirus","CoronavirusTrackerBot","1345222829243961344","Coronavirus Tracker","COVIDTracker__","","NONE","This account will tweet automatically about CoVID-19 cases every 2 hours.","None","False","17","0","0","2021-01-02 04:18:21","2","None","True","False","762","None","NONE","False","False","None","None","None","None","False","0","0",
"2021-06-23 19:18:56","1407780230639632393","@hfxinnovation:‚ÄØ   Congrats to Halifax-based biopharmaceutical company, @Appili who just announced that their #COVID-19 drug trial will be expanded to Mexico and Brazil. Learn more https://t.co/BBScu25Wud","COVID","Twitter Web App","242964210","Robyn Webb","RobynWebbNS","Halifax, Nova Scotia, Canada","NONE","Inspiring economic development by connecting business, organizations and communities with international and local talent","http://t.co/R8f9JrixUx","False","493","369","24","2011-01-26 00:32:32","611","None","False","False","3658","None","NONE","False","False","None","None","None","None","False","0","0",
"2021-06-23 19:18:30","1407780120471998464","She got 'poor man right'. She just forgot to put the indefinite article. #Coronavirus https://t.co/vmpMqpWnge","Coronavirus","Twitter Web App","29246032","Hannah Forest üî¥‚ö™Ô∏è‚öΩÔ∏èüíô","hannahforest","United Kingdom","NONE","Nottingham Forest supporter since 1989. Also love to read, TV soaps, watch films, music of lots of different genres, current affairs and travel. #nffc","None","False","1288","163","14","2009-04-06 17:23:19","209","None","True","False","129658","None","NONE","False","False","None","None","None","None","False","0","0",
"2021-06-23 19:18:23","1407780090180562945","@SCOTUSblog @scotusreporter @USSupremeCourt interesting ruling today, can we rule that #COVID Testing NOT b under Allowance INDOOR MALL Environment USA? High School Student disciplined by her Public School, Justice Served #1stAmendment  Protect @WHO INDOOR MALL? ‚ô•Ô∏èüß∏ #thesneeze https://t.co/zBa3diW7iJ","COVID","Twitter Web App","3294052039","Simon Edwards","Simonsstore","Las Vegas, NV","NONE","https://t.co/03rm8j4bqh | #Retail Advocate | Aspiring #IRSCommissioner  | ‚ù§Ô∏è #Education | #Republican | #beAWARE | Unofficial Governor of the #StateOfNevada","None","False","193","3","94","2015-07-26 01:06:21","12571","None","True","False","19525","None","NONE","False","False","None","None","None","None","False","0","0",
"2021-06-23 19:17:52","1407779961658757120","Rich countries cornered COVID-19 vaccine doses. Four strategies to right a ‚Äòscandalous inequity‚Äô  #LahoreBlast #captaincy #worldtestchampionshipfinal #coronavirus #COVID19 @ndtv @brajeshlive @sakshijoshii https://t.co/yJN2z9wIXE","LahoreBlast","Twitter for Android","1041754187283935234","R.M.Hanfi.","RiyazHanfi","‡§Æ‡§π‡§æ‡§∞‡§æ‡§∑‡•ç‡§ü‡•ç‡§∞, ‡§≠‡§æ‡§∞‡§§","NONE","Family in Medical Profession as a Dr,Scientist in Pharma R&D & Pharmacist.All Tweets Are http://Personal. Email Id=r_m_hanfi @yahoo.com ; rm hanfi65@gmail.com","None","False","160","750","0","2018-09-17 18:22:07","3861","None","True","False","15381","None","NONE","False","False","None","None","None","None","False","0","0",
"2021-06-23 19:17:49","1407779947347914756","@EllaMinty @Advita_p A special edition of Journal of Communication Management on #COVID-19 #InternalComms - joint guest edited by myself and @RitaMen_UF - highlights sensemaking, empathy, reassurance, transparency, reciprocity, leadership communication &amp; listening  #PowerAndInfluence","COVID","Twitter Web App","20382130","Dr Kevin Ruck","AcademyKev","London, England","NONE","Co-founder @pracademy Editor & co-author 'Exploring Internal Communication'. Co-author 'Who's Listening?' Reports. #InternalComms diploma course leader.","https://t.co/WmEw7YfiP8","False","4776","2540","204","2009-02-08 18:19:13","4670","None","True","False","3964","None","NONE","False","False","None","None","None","None","False","7","6",
"2021-06-23 19:17:48","1407779945674207235","#CA Heed the #Warning Do not become a #RedState @GavinNewsom is doing the right thing protecting #Calfiornians from #Coronavirus There is now a #VariantD that will require #Vigilance #RedStates are making the mistake of ignoring #Vaccination #Masks &amp; Common Sense Don't #Trump #CA https://t.co/UQRTacWShX https://t.co/mhWFPHKZbh","CA","Twitter Web App","14782504","RebeccaAnderson","RebeccaLAnders","by the Lake in Sunny San Diego","NONE","BA #Psych SDSU Cred: #ProfClearMultSubj #SocSci #CLAD #ESL #READ #Grammy Rebecca's Reward Theory'1 is an aberration, 2 is a coincidence & 3 is a pattern!'","https://t.co/PPMetjMhMI","False","1860","2023","32","2008-05-15 05:47:33","8797","None","False","False","28530","None","NONE","False","False","None","None","None","None","True","0","0",
"2021-06-23 19:17:36","1407779894533177353","#Corona Info for #USA: New Cases: 1471 Today Recovery: 420 Today Deaths: 52 Total Active Cases: 5000793 Total Cases: 34436274 Total Recovery: 28817554 Total Deaths: 617927 #Coronavirus  #Covid19 #Covid_19 #SARSCoV2 #StaySafe   Source: 'CoronaTrackerNepal_bot' #Telegram.","Corona","corona-tracker-app","976098246882885634","World Alert","krishna444_test","Karlsruhe, Germany","NONE","Alerting the world, with the current happenings, disease, political crisis etc.","None","False","231","34","1","2018-03-20 14:08:51","9","None","False","False","15355","None","NONE","False","False","None","None","None","None","False","0","0",
"2021-06-23 19:17:11","1407779789663096843","Very disappointing that @TasteDublin an outdoor event has decided to only sell tickets to 'pods' of 4 or 6 people.  So in order for a couple to go they need to pay for a pod of 4. What's wrong with 'pods' of 2? Using #covid  as a excuse for monetary gain is not on. #TasteOfDublin","covid","Twitter Web App","240755362","Nuala Murray","nmuddles","","NONE","Sometimes normal sometimes nuclear. D.3 Diva. PR Princess. Be kind life is short. Remember one day you're Cinderella, the next you're the ugly sister. Mwah!! X","None","False","305","126","23","2011-01-20 17:29:17","133","None","False","False","3403","None","NONE","False","False","None","None","None","None","False","0","0",
"2021-06-23 19:17:09","1407779780305563655","@GOPLeader #formerguy should not have sabotaged the  #covid roll out plan. 600k dead.","formerguy","Twitter for iPhone","724219435","Les Mis√©rables","lbpyyz","Toronto, Ontario","NONE","Injustice is never justice/L‚Äôinjustice n‚Äôest jamais la justice. #Resist Joanof Arc, Mme Fourcade ‚ÄòNon, je ne regrette rien‚Äô- √âdith Piaf. Non timeo verumüíôNo dm.","None","False","5702","5982","63","2012-07-29 15:56:35","131997","None","True","False","378501","None","NONE","False","False","None","None","None","None","False","0","0",
"2021-06-23 19:17:05","1407779764870471681","The Latest: German Chancellor switches vaccine for 2nd dose https://t.co/i7uwuu4eRa  #TodaysMedicalUpdate #Medicine #Health #Patients #NHS #FMRevolution #Today #Insurance #Pharmaceutical #Biotech #COVID19 #Coronavirus #Doctor #Policy #Vaccine #MedTech Please Retweet","TodaysMedicalUpdate","Microsoft Power Platform","344075523","AJ Blackston - Financial IT Solutions Consultant","AJBlackston","Washington, DC","NONE","@AJBlackston - Management Consulting ~Giving clients what they want most. . .#SOLUTIONS! News Posted: #Business #Cyber #WhiteCollarCrime #Med #Law #Defense #Gov","https://t.co/pDjduse6qz","False","1835","1700","107","2011-07-28 14:21:09","818","None","False","False","328942","None","NONE","False","False","None","None","None","None","False","0","1",
"2021-06-23 19:17:00","1407779744263950336","Health Ministry: Two Doses of Two Different #Vaccines for #Coronavirus Is Possible - https://t.co/SfGyGgXi0k https://t.co/EzDPM798SP","Vaccines","Twitter Web App","1013299106","Riyadh Daily","alriyadhdaily","Saudi Arabia","NONE","First English daily published from the Saudi capital.. contact us: RD@alriyadhdaily.com","https://t.co/oGQ6DTQQ77","False","25841","11","124","2012-12-15 14:18:04","58","None","True","False","39909","None","NONE","False","False","None","None","None","None","False","0","1",
"2021-06-23 19:16:11","1407779535874150403","Has anyone seen or heard from Dr John Campbell off YouTube this past three days? He has gone suddenly silent and some folks are a little worried. Anyone? #Covid19 Delta Variant  Delta Plus #Invermectin #coronavirus","Covid19","Twitter Web App","1015903832","Franc","FrancBryson","Worthing, England","NONE","SpaceX, Mars and all things Science-y .   My name is on: Curiosity, InSight & 2020 Rover","https://t.co/cSfR7foHbD","False","158","1487","7","2012-12-16 19:23:40","44201","None","False","False","1434","None","NONE","False","False","None","None","None","None","False","0","0",
"2021-06-23 19:16:04","1407779508967677952","AstraZeneca, Novavax partner SK Bioscience eyes $132M vaccine production boost‚Äîand looks to add mRNA to the menu -More stories like this at https://t.co/Ch0OzV8Nyh | @Novavax @AstraZeneca #skbioscience #Manufacturing #Vaccine #Covid19 #Coronavirus #Biotech https://t.co/k2zujbj0Gt","skbioscience","SocialPilot.co","2656754371","Aspen Biosciences","aspenbio","San Diego","NONE","We help biotech scientists improve the lives of patients by accelerating & scaling drug discovery, cancer research and diagnostic development.","http://t.co/sYvoBuh6aH","False","297","726","33","2014-07-18 13:20:39","298","None","False","False","5282","None","NONE","False","False","None","None","None","None","False","0","0",
"2021-06-23 19:16:04","1407779508841820167","AstraZeneca, Novavax partner SK Bioscience eyes $132M vaccine production boost‚Äîand looks to add mRNA to the menu -More stories like this at https://t.co/7hAuMonHwn | @Novavax @AstraZeneca #skbioscience #Manufacturing #Vaccine #Covid19 #Coronavirus #Biotech https://t.co/LRndMbrm97","skbioscience","SocialPilot.co","1029128656650555393","Pharm2Market","pharm2market","","NONE","Business intelligence for biotechs. We help #biotech innovators, investors, and business partners connect.","https://t.co/RY21caSye8","False","171","855","2","2018-08-13 22:12:46","76","None","False","False","1874","None","NONE","False","False","None","None","None","None","False","0","0",
"2021-06-23 19:15:56","1407779474532360199","Free State has enough vaccines for teachers: MEC  #Covid19 #Coronavirus #Pandemic #Vaccination #Teachers #Schools #Health #FreeState #SouthAfrica #TheFreeStater #TFS @fsgov @fs_health @MondliMvambi @MECTateMakgoe   üëâüèΩ https://t.co/cZcG2GnZbr","Covid19","Twitter Web App","806159307867901953","The Free Stater","The_Free_Stater","Bloemfontein, South Africa","NONE","News site synonymous with quality, authority & credibility. Yet we're more than just about news: passionate about the Free State, essential to Free State life!","https://t.co/QiWx28QiD9","False","215","765","2","2016-12-06 15:32:11","22","None","False","False","820","None","NONE","False","False","None","None","None","None","False","0","0",
"2021-06-23 19:15:55","1407779470363267073","Thinking with the #MSM, scripted ‚Äò#journalism‚Äô is the only way to access the so-called ‚Äò#truth‚Äô. #CBS #exposed #expos√© #FakeNews #vaccine #censorship #COVID https://t.co/06VaA8UqI1","MSM","Twitter for iPhone","979775782288576512","Snow Flakeburn","BleakEyE","","NONE","","None","False","10","264","0","2018-03-30 17:42:04","2263","None","False","False","1674","None","NONE","False","False","None","None","None","None","False","0","0",
"2021-06-23 19:15:53","1407779459936182274","@TheLastLeg #isitok that holiday workers are holding small protests about their industry still being under #coronavirus restrictions. now, travel still continued whilst the pandemic grew, so why didn't they protest to stop working to protect people. #doublestandards #wednesdaythought","isitok","Twitter for Android","1314885994043371522","Craig","1974craig17","Birmingham, England","NONE","chubby. single. crosswords. has too many mental health issues. unemployed. one dodgy eye,one good one. wears glasses.","None","False","3","19","0","2020-10-10 11:10:34","587","None","False","False","532","None","NONE","False","False","None","None","None","None","False","0","0",
"2021-06-23 19:15:45","1407779428243890177","@Combat__COVID @NIH TY @HHSGov for spreading the word that #antibodies are effective early #treatment for #COVID. @GovofCO, please spread the word to #Colorado! We have these treatments available across the state for patients with a provider referral. https://t.co/icu8zVxo0k.","antibodies","Twitter Web App","1383132710894325760","mAb Colorado","mab_colorado","Colorado","NONE","Helping Coloradans access monoclonal antibody (mAb) treatments for #COVID19. For #mAb info visit: https://t.co/0Z9JyXPYOD","https://t.co/0Z9JyXPYOD","False","31","217","1","2021-04-16 18:58:55","164","None","False","False","129","None","NONE","False","False","None","None","None","None","False","1","0",
"2021-06-23 19:15:41","1407779409344487427","Siberian Region First in Russia to Order New  #COVID Lockdown as Nation Reports 17K Cases https://t.co/ISxKr8vwur","COVID","presshub_usbot","1206166412093513729","presshub_us","PresshubU","USA","NONE","We bring you the latest trending news from leading news networks using AI.Stay tuned.","https://t.co/NNgGdh5T5z","False","1805","1677","3","2019-12-15 10:57:42","211","None","False","False","130617","None","NONE","False","False","None","None","None","None","False","0","0",
"2021-06-23 19:15:40","1407779406022590471","Transitioning from clinic-based to home-based immune globulin infusion is proven to mitigate the risk of #COVID-19 exposure. Read the full study from @ASHPOfficial. #homeinfusion #specialtypharmacy #hospitalpharmacy https://t.co/HnQij8lRuV","COVID","Twitter Web App","1044212093875101697","@ChartwellPA","chartwellpa","Pittsburgh, PA","NONE","Home Infusion | Specialty Pharmacy | Enteral Nutrition CarepathRx Specialty Pharmacy & Infusion Solutions","https://t.co/lseACKBKE1","False","158","224","0","2018-09-24 13:08:58","512","None","False","False","668","None","NONE","False","False","None","None","None","None","False","0","1",
"2021-06-23 19:15:29","1407779358916300807","What went wrong with CureVac‚Äôs highly anticipated new mRNA vaccine for COVID-19?  #captaincy #INDvNZ #coronavirus #desiarmyspace @ndtv @sakshijoshii  https://t.co/C3D03YQmdc","captaincy","Twitter for Android","1041754187283935234","R.M.Hanfi.","RiyazHanfi","‡§Æ‡§π‡§æ‡§∞‡§æ‡§∑‡•ç‡§ü‡•ç‡§∞, ‡§≠‡§æ‡§∞‡§§","NONE","Family in Medical Profession as a Dr,Scientist in Pharma R&D & Pharmacist.All Tweets Are http://Personal. Email Id=r_m_hanfi @yahoo.com ; rm hanfi65@gmail.com","None","False","160","750","0","2018-09-17 18:22:07","3861","None","True","False","15381","None","NONE","False","False","None","None","None","None","False","0","0",
"2021-06-23 19:15:24","1407779340989861888","#Jharkhand #India #covid #frontliner #HealthForAll #VaccinesWork #vaccination #healthcare #HERO   Respect! https://t.co/4hIGhkjbMp","Jharkhand","Twitter for Android","1466877950","ùí©ùíæùìàùíΩùíæ ùí´üå∏ùëíùìÇüá±üá∞","NishiTwt","","NONE","üá±üá∞","None","False","187","1954","1","2013-05-29 09:55:23","17529","None","False","False","22826","None","NONE","False","False","None","None","None","None","True","0","0",
"2021-06-23 19:15:14","1407779296903680003","' #Greece Scraps #COVID19 Mask Rule for Outdoors, Gets Ready to Lift #Curfew https://t.co/zlZDNXPxPC @nhardalias #masks #facemask #rules #COVID19 #coronavirus #coronavirusupdates #COVID19Gr #COVID19Greece","Greece","Twitter Web App","377261185","Greek Travel Pages","gtpgr","Greece","NONE","Everything about the Greek travel industry. Also on https://t.co/MQtwHyG9c9, https://t.co/Kr3j6R3c9U, https://t.co/fV9IqIVvFo, https://t.co/2dczTA9BcI https://t.co/ZQBbf5lfc0‚Ä¶","https://t.co/hH02Sftt5V","False","17428","3598","490","2011-09-21 08:51:24","1316","None","True","False","28011","None","NONE","False","False","None","None","None","None","False","0","1",
"2021-06-23 19:15:07","1407779267799400457","MAD TV - Entertainment Television Watch Playlists 2,000+ Videos Vote For Your Favorite Videos Likes Share Comment Tag Your Friends!#DollarPromo #VideoUploads #VideoContest #100FreeShares #Covid-19 #Coronavirus https://t.co/wrL7soAlN7 https://t.co/7Ebb0LY270","DollarPromo","Hootsuite Inc.","563519823","Dollarpromo Dollarama - MLE","MadLionEnt","United States","NONE","Dollarpromo is a activity for fans and artists to engage the likes of arts, music, performances, and events. Request or Share your favorites! Include a message!","https://t.co/cEXDzmkXot","False","415","401","1","2012-04-26 04:30:52","749","None","False","False","4672","None","NONE","False","False","None","None","None","None","False","0","0",
"2021-06-23 19:15:05","1407779261079900160","@ProjectLincoln But most Americans didn‚Äôt believe #covid was for real and didn‚Äôt wear masks? Even now few have doubts.. would they have acted differently if #Trump had shown more seriousness?","covid","Twitter for iPhone","1227592886054608896","Homosepians","TheHomosepians","","NONE","Think.Arrange.Act.Repeat.IfNotWorking.Hmm.Chill","None","False","1","120","0","2020-02-12 14:00:07","51","None","True","False","190","None","NONE","False","False","None","None","None","None","False","0","0",
"2021-06-23 19:15:05","1407779258005692425","Some very interesting links #LockDown #vaccines #covid #ivermectin https://t.co/MIDu20Nm8B","LockDown","Twitter for Android","777809778","Debra Scott","DebandezScott","North West, England","NONE","I hate injustice. Fight for a cause. Never give up. Currently fighting for all diabetics/prediabetics to be offered a blood sugar monitor and LCHF advice","None","False","3525","4602","28","2012-08-24 09:40:46","35420","None","True","False","22346","None","NONE","False","False","None","None","None","None","True","0","0",
"2021-06-23 19:15:03","1407779249507946498","STRONGER LUNGS CAN HELP YOU FIGHT CORONA VIRUS   How I achieved my highest lung function at age 32.  See how here... https://t.co/vlS04Dri3O    #coronavirus #athletes #cysticfibrosis #COPD  #asthma #respiratorydisease https://t.co/cFYX7E3VuL","coronavirus","Sprout Social","82123247","Bizitalk","Bizitalk","Everywhere","NONE","Supporting and Promoting small businesses to get them noticed and stay noticed.","None","False","112013","66452","2450","2009-10-13 15:44:10","35691","None","False","False","719566","None","NONE","False","False","None","None","None","None","False","0","0",
"2021-06-23 19:15:00","1407779237965144069","As we #EMERGE from #COVID, we want to better understand how #gay &amp; #bisexual men (cis and trans) were impacted by restrictions, and respond  effectively. Did your sex life change? Did your drug use or drinking habits change? Take the #EMERGE survey today: https://t.co/wHUaswRgp5 https://t.co/pJCrzSzBdz","EMERGE","Twitter Ads","116780725","HIV Ireland","HIVIreland","70 Eccles Street, Dublin 7","NONE","HIV prevention, education, support, advocacy and policy development. Free HIV testing. Free condoms and lube. Registered Charity No: CHY10858.","http://t.co/WKyIGrzvTK","False","4398","1136","90","2010-02-23 15:11:56","9150","None","True","False","20255","None","NONE","False","False","None","None","None","None","False","1","0",
"2021-06-23 19:14:55","1407779218109382668","Gauteng government, Let‚Äôs focus. The priority needs to be putting out the #Covid_19 ‚Äúfire‚Äù in  #Gauteng not suing people. We‚Äôll see Piet later. Let‚Äôs focus on #Covid for now, PLEASE!","Covid_19","Twitter for iPhone","355450240","Mado Dani Sathekge","DearDanisile","Johannesburg","NONE","@Powerfm987 #POWERBreakfast Content Producer PR Specialist  Communications Practitioner","https://t.co/7IDoW8Ah9W","False","1050","1630","0","2011-08-15 11:17:44","6374","None","True","False","4613","None","NONE","False","False","None","None","None","None","False","0","0",
"2021-06-23 19:14:02","1407778994825535488","Be aware #DeltaVariant is still out. #Covid_19 #coronavirus üëá https://t.co/JwlAKMTT8r","DeltaVariant","Twitter for iPad","1227170372333604864","MountMonk","mount_monk","","NONE","Past, Present, Future and People!!!    ‚ÄúWhen you meet a swordsman, draw your swords do not recite a poetry‚Äù.","None","False","634","1649","0","2020-02-11 10:00:10","15863","None","False","False","6654","None","NONE","False","False","None","None","None","None","False","0","0",
"2021-06-23 19:14:01","1407778992489381897","Face masks Problems that every wearer of glasses knows!  #Clothing #Apparel #Person #Human #Covid19 #Covid #Corona #Facemask #Mask #Fogged #Foggedglasses #Glasses https://t.co/tWCDrKBxiX","Clothing","Clickasnap","45822075","Andonis Warsakis","AndonisW","Cologne","NONE","Just my life - PHOTOS - HOBBIES - ADVENTURES","None","False","104","155","2","2009-06-09 12:07:00","80","None","True","False","282","None","NONE","False","False","None","None","None","None","False","1","0",
"2021-06-23 19:13:50","1407778947174080514","Will the #coronavirus hysteria be able to thwart the #Prez's best money-making scheme in ages?!??!    I, for one, don't think so . . . and besides, if somebody dies, he or she had it coming anyways for they had it spelled out on their foreheads.   Know what I mean: #Alƒ±nYazƒ±sƒ± https://t.co/TTgzi5DCQ3","coronavirus","Twitter Web App","199298499","Dr Can Erimtan","TheErimtanAngle","Istanbul (Turkey)","NONE","(Brussels-Essex-Oxford/#LMH)  (No-Longer-in-ƒ∞stanbul)   Geopolitical Analyst & Independent Historian, Art Historian and Ottomanist  'No one here gets out alive'","https://t.co/hN2JssXBFd","False","1763","4997","60","2010-10-06 14:30:54","3337","None","False","False","48259","None","NONE","False","False","None","None","None","None","True","0","0",
"2021-06-23 19:13:34","1407778878131773448","An Unstoppable Marathon: Community Prevention and Residents' Sense of Security in the Period of Low Transmission #covid https://t.co/J9Xx4dDEuD","covid","rs-covid19","1360317220665122819","Research Square Covid-19 Preprints","RS_COVID19","Durham, NC","NONE","Making research communication faster, fairer, and more useful.","https://t.co/VxjvldVgMw","False","118","0","1","2021-02-12 19:58:17","7","None","False","False","1167","None","NONE","False","False","None","None","None","None","False","0","0",
"2021-06-23 19:13:22","1407778828454346752","@laurenboebert @RepBoebert What ya got to say about #MesaCounty and it's #covid cases topping the US in new cases, lowest vaccinations?? You're a con, not a leader. Your constituents are vulnerable to your negligence. #laurenboebert  cc @KerryDonovanCO","MesaCounty","Twitter Web App","1262552534","fearless mad warrior ‚úäüèº‚úåüèºüÜò","madmcmadderton","","NONE","she/her/nasty mad human who believes in humanity, equality and kindness. #Biden2020 #marchforourlives #VoteBlue #TrumpIsATraitor #wearadamnmask üò∑","None","False","142","736","3","2013-03-12 18:08:05","8352","None","False","False","13252","None","NONE","False","False","None","None","None","None","False","0","0",
"2021-06-23 19:13:10","1407778776616947714","Hired and working asap again. Masks ofcourse. #flu or #covid. Excited for another start.","flu","Twitter for Android","1090882022283902978","üåàüåàThomas Goddard üåàüåà","ThomasG03572719","","NONE","LGBT Loud and Proud! Why write a long bio that no one is gonna read, but me? So if you have a question or wanna talk. I‚Äôm here. ü§∑‚Äç‚ôÇÔ∏è‚ù§Ô∏èüåàüì≤","https://t.co/g5nou7Nh15","False","16","209","0","2019-01-31 07:58:36","763","None","False","False","256","None","NONE","False","False","None","None","None","None","False","0","0",
"2021-06-23 19:12:56","1407778717217087490","‚ÄòI‚Äôm still feeling that we‚Äôre failing‚Äô: Exasperated WHO leader speaks out about vaccine inequity  #captaincy #NZvIND #Cricket #coronavirus #YOUNGJAE #COVID19 @ndtv @brajeshlive  https://t.co/Nkof90kiKD","captaincy","Twitter for Android","1041754187283935234","R.M.Hanfi.","RiyazHanfi","‡§Æ‡§π‡§æ‡§∞‡§æ‡§∑‡•ç‡§ü‡•ç‡§∞, ‡§≠‡§æ‡§∞‡§§","NONE","Family in Medical Profession as a Dr,Scientist in Pharma R&D & Pharmacist.All Tweets Are http://Personal. Email Id=r_m_hanfi @yahoo.com ; rm hanfi65@gmail.com","None","False","160","750","0","2018-09-17 18:22:07","3861","None","True","False","15381","None","NONE","False","False","None","None","None","None","False","0","0",
"2021-06-23 19:12:55","1407778716000821248","Telangana State not giving Centre's benefit to motorists #Motorists #Covid-19pandemic https://t.co/2YYVhMSu6e","Motorists","Hocalwire Social Share","1874798778","The Hans India","TheHansIndiaWeb","Hyderabad","NONE","The Hans India is a leading English news paper and is published from #Telangana #AndhraPradesh and #NewDelhi  #bengaluru","https://t.co/lyOzm0wKU9","False","13846","15","272","2013-09-17 09:26:43","97","None","False","False","272587","None","NONE","False","False","None","None","None","None","False","0","1",
"2021-06-23 19:12:41","1407778654768091136","Regarding #masks and the #Edmonton mask bylaw I would just like to say the I think i could be in favour of wearing or not wearing them.  Just to be clear!  Thank-you for your question.  #yeg #yegcc #Masks #Covid_19 #covid19ab #coronavirus https://t.co/j2oJZqFZKZ","masks","Twitter Web App","1406251174559289345","MiniMeKnack","MiniMeKnack","","NONE","Introducing the true me, or should I say MiniMe - make sure to keep Edmonton going in the wrong direction. Vote #yeg","None","False","12","65","0","2021-06-19 14:03:15","0","None","False","False","4","None","NONE","False","False","None","None","None","None","False","0","0",
"2021-06-23 19:12:28","1407778600749785101","@ZombieBuster5 Namaste, please find the unroll here: Il Bild chiede perdono per aver assecondato la truffa del #Covid‚Ä¶ https://t.co/bt2uHSdb9x Talk to you soon. ü§ñ","Covid","ThreadReaderApp","895814938995957760","Thread Reader App","threadreaderapp","Wherever threads are written..","NONE","I'm a ü§ñ to help you read threads more easily. Reply to any tweet of a thread and mention me with the 'unroll' keyword and I'll give you a link back üòÄ","https://t.co/7Ct2VXMx64","False","478267","1287","1754","2017-08-11 01:11:39","2204","None","False","False","1946465","None","NONE","False","False","None","None","None","None","False","1","2",
"2021-06-23 19:12:06","1407778509808975881","Deputy Minister of Human Resources and Social Development for Civil Service Participates in ‚ÄúRole of Arab Public Administration in Facing Repercussions of #Coronavirus Pandemic‚Äù Conference in Egypt - https://t.co/AWUmXWjYKn https://t.co/hQ1USczVib","Coronavirus","Twitter Web App","1013299106","Riyadh Daily","alriyadhdaily","Saudi Arabia","NONE","First English daily published from the Saudi capital.. contact us: RD@alriyadhdaily.com","https://t.co/oGQ6DTQQ77","False","25841","11","124","2012-12-15 14:18:04","58","None","True","False","39909","None","NONE","False","False","None","None","None","None","False","0","0",
"2021-06-23 19:12:03","1407778496642961414","Delta #Coronavirus variant may have unique infection and immune escape strategy  https://t.co/8ev3XiS8zp Note, only response to vaccine was studied vs broad, individualized &amp; dynamic response of our immune system, read more here https://t.co/2RhTpFNqNb https://t.co/ElpXfheL83","Coronavirus","Buffer","2149170848","Dr. Thomas Wilckens","Thomas_Wilckens","M√ºnchen, Bayern","NONE","MD #PrecisionMedicine leader: Changing the way we diagnose, treat and eventually prevent disease #Innovation #Healthcare #Medicine #MachineLearning #AI #omics","https://t.co/fdEZnKdoBW","False","4595","3454","434","2013-10-22 14:46:04","20320","None","True","False","55658","None","NONE","False","False","None","None","None","None","False","0","1",
"2021-06-23 19:12:02","1407778490942988289","859 new cases and 38 new deaths in Uganda   [21:12 GMT] #coronavirus #CoronaVirusUpdate #COVID19 #CoronavirusPandemic","coronavirus","COVID19-Updates","1236273574895329281","Coronavirus Updates","COVIDLive","","NONE","COVID-19 (Coronavirus) Latest News & Statistics. We post updates 24/7 as they come in, all data is from https://t.co/XmYqcFcEtM - #Coronavirus #COVID19","https://t.co/KXeogsdkoU","False","1013","2","9","2020-03-07 12:52:51","0","None","False","False","65162","None","NONE","False","False","None","None","None","None","False","0","0",
"2021-06-23 19:12:02","1407778490942955521","‚ñ™Ô∏èGreat domain name for sale at Squadhelp. Check it out. #domainnames #Domains #DomainNameForSale #domainsforsale #cname #cheapdomain #domain_names #AmazonPrimeDay #Crypto #coronavirus #Covid_19 üëá https://t.co/buny56XZ2d","domainnames","Twitter for Android","1407366552031268870","Premium Domain Names","domain_finder_","","NONE","Domain name finder. #domains #domainnames #premiumdomainnames","None","False","4","46","0","2021-06-22 15:55:16","0","None","False","False","5","None","NONE","False","False","None","None","None","None","False","1","1",
"2021-06-23 19:11:54","1407778460899102723","Lockdown- Day 463 - Morning coffee #PrimroseHill #lockdown2021 #LockDown #COVID19 #coronavirus #offer #sunny https://t.co/g4TNqsiDQC","PrimroseHill","Twitter for iPhone","4905428213","Patrick","patrickwellin12","","NONE","Dwelling in North London","None","False","21","57","0","2016-02-13 17:33:23","74","None","False","False","465","None","NONE","False","False","None","None","None","None","False","0","0",
"2021-06-23 19:11:53","1407778453835980803","@AWokeZombie Just like they have changed the definition of (herd) immunity, they will soon have to change the definition of 'child abuse', because that is in essence what giving these #covid 'vaccines' to kids amounts to.","covid","Twitter Web App","1057341689822658561","ArthurMercutio","ArthurMercutio","","NONE","Life, Liberty, and the Pursuit of Happiness...everything you want and all you need!","None","False","7","0","2","2018-10-30 18:41:18","1946","None","False","False","693","None","NONE","False","False","None","None","None","None","False","0","1",
"2021-06-23 19:11:38","1407778390921330694","#CovidTesting This is what fear mongering looks like. Workers hired to clean chairs every time someone stands up at a #COVIDVaccination centre in #london. Can you get #covid from farts? https://t.co/CEKbEpPJ2h","CovidTesting","Twitter for Android","38630427","Ali","ali_cheema","England, United Kingdom","NONE","","None","False","262","95","1","2009-05-08 08:17:03","4","None","True","False","566","None","NONE","False","False","None","None","None","None","False","0","0",
"2021-06-23 19:11:15","1407778295744172033","üò§So those of U who voted to secure your future,I hope U got what u were looking for,Look how #Covid is killing people and Covid funds that were meant To Help were stolen by the government that was meant to secure your future. Congs your future has been securedüò§üò§","Covid","Twitter for Android","3426639442","Chris Arnold Musicüòé","ChrisAr73944617","Uganda","NONE","I follow You if You follow me.Singer/Rapper/Song writer/Music Producer I do RnB/Pop/AfroBeat/HipHop/DanceHall I have writen over 400 songs so far!!!üî•üî•FireüòÇüòÇ","https://t.co/D4fwpnc9a1","False","1901","3562","0","2015-08-16 19:58:11","1076","None","False","False","1249","None","NONE","False","False","None","None","None","None","False","0","2",
"2021-06-23 19:11:10","1407778272281251842","Teacher vaccinations will make schools safer: Makgoe  #Covid19 #Coronavirus #Pandemic #Vaccination #Teachers #Schools #Health #FreeState #SouthAfrica #TheFreeStater #TFS @fsgov @fs_health @MondliMvambi @MECTateMakgoe   üëâüèΩ https://t.co/2mOZSWQZe1","Covid19","Twitter Web App","806159307867901953","The Free Stater","The_Free_Stater","Bloemfontein, South Africa","NONE","News site synonymous with quality, authority & credibility. Yet we're more than just about news: passionate about the Free State, essential to Free State life!","https://t.co/QiWx28QiD9","False","215","765","2","2016-12-06 15:32:11","22","None","False","False","820","None","NONE","False","False","None","None","None","None","False","0","0",
"2021-06-23 19:11:01","1407778235904139271","#Pneumonia and #flu now kill more people than #Covid    News ...https://t.co/Dkj5AtHS9D ‚Ä∫ article ‚Ä∫ flu-and-pneumonia-... 6 May 2021 ‚Äî More people are dying from flu and pneumonia than from the coronavirus for the first time since the second wave. Deaths from the virus have ...","Pneumonia","Twitter Web App","351347712","Maureen Fitzsimmons","mojos55","Lancashire","NONE","Give Peace a chance !","None","False","28183","27714","186","2011-08-09 03:44:15","166546","None","True","False","677532","None","NONE","False","False","None","None","None","None","False","2","2",
"2021-06-23 19:10:54","1407778207118495744","Daily US #Vaccine Update.  Now trending towards 182M, based on last 30 days: ~ 51% of total population will get vaxxed ~ 60% eligible ages 12 years and up will get vaxxed ~ 69% of population immune  (population incl. illegal immigrants)  #Covid #Covid19 #Corona #Coronavirus https://t.co/M63cQfhEgR","Vaccine","Twitter Web App","100380798","Ben Marten","BenMarten","USA","NONE","Silicon Valley Software Engineer üá∫üá∏üá©üá™ Yes to Hygiene - No to Lockdowns!","https://t.co/z7lfd2ZIa7","False","5108","434","85","2009-12-30 02:32:30","20816","None","True","False","4509","None","NONE","False","False","None","None","None","None","False","2","5",
